NEIGHBORHOOD_DISTRICT_NAME,pathogen,epi_week,latent_field_mean,latent_field_0_025quant,latent_field_0_5quant,latent_field_0_975quant,latent_field_mode,latent_field_quintile
Ballard,h1n1pdm,2018_W47,0.001425616,0.000221449,0.001426468,0.009131689,0.001428301,2
Central,h1n1pdm,2018_W47,0.000711831,0.000112809,0.000712324,0.004466915,0.000713375,1
Delridge Neighborhoods,h1n1pdm,2018_W47,0.000444474,4.60E-05,0.000444721,0.004275214,0.000445263,1
Downtown,h1n1pdm,2018_W47,0.00042205,6.37E-05,0.000422369,0.002780382,0.000423047,1
East,h1n1pdm,2018_W47,0.000442494,5.96E-05,0.000442791,0.00326836,0.000443428,1
Greater Duwamish,h1n1pdm,2018_W47,0.000226283,2.96E-05,0.000226479,0.001717944,0.000226895,1
Lake Union,h1n1pdm,2018_W47,0.00071433,0.000110929,0.000714776,0.00457627,0.000715731,1
Magnolia/Queen Anne,h1n1pdm,2018_W47,0.00037058,4.89E-05,0.000370849,0.002793336,0.000371424,1
NA,h1n1pdm,2018_W47,6.48E-07,2.36E-56,6.47E-07,1.61E+43,6.48E-07,1
North,h1n1pdm,2018_W47,0.001566413,0.00028051,0.001567372,0.00870368,0.001569423,2
Northeast,h1n1pdm,2018_W47,0.00079896,0.000128208,0.000799484,0.00495256,0.000800604,1
Northwest,h1n1pdm,2018_W47,0.001583787,0.000230477,0.001584586,0.010833819,0.00158633,2
Southeast,h1n1pdm,2018_W47,0.001175434,0.000170517,0.001176064,0.008064377,0.001177431,2
Southwest,h1n1pdm,2018_W47,0.00141947,0.000182341,0.001420188,0.01099846,0.001421762,2
Ballard,h1n1pdm,2018_W48,0.00197903,0.00033318,0.001979797,0.011710766,0.001981493,2
Central,h1n1pdm,2018_W48,0.001012957,0.00017398,0.001013415,0.00587349,0.001014414,1
Delridge Neighborhoods,h1n1pdm,2018_W48,0.000636771,7.29E-05,0.000637017,0.005536343,0.000637575,1
Downtown,h1n1pdm,2018_W48,0.00061487,0.000100823,0.000615178,0.003733226,0.000615846,1
East,h1n1pdm,2018_W48,0.000638867,9.40E-05,0.000639155,0.004324961,0.000639789,1
Greater Duwamish,h1n1pdm,2018_W48,0.000342464,4.90E-05,0.000342668,0.002382971,0.000343109,1
Lake Union,h1n1pdm,2018_W48,0.00099844,0.000168301,0.000998846,0.005900275,0.000999741,1
Magnolia/Queen Anne,h1n1pdm,2018_W48,0.000543848,7.84E-05,0.000544116,0.003756173,0.000544701,1
NA,h1n1pdm,2018_W48,9.20E-07,9.41E-54,9.18E-07,8.20E+40,9.20E-07,1
North,h1n1pdm,2018_W48,0.00213375,0.000411509,0.002134579,0.011023479,0.0021364,2
Northeast,h1n1pdm,2018_W48,0.001122222,0.000195136,0.0011227,0.006428354,0.001123749,2
Northwest,h1n1pdm,2018_W48,0.002148873,0.000340124,0.002149577,0.013528872,0.002151167,2
Southeast,h1n1pdm,2018_W48,0.001612143,0.000254585,0.001612707,0.010171822,0.001613973,2
Southwest,h1n1pdm,2018_W48,0.001959622,0.000275342,0.001960279,0.013895832,0.00196177,2
Ballard,h1n1pdm,2018_W49,0.002748668,0.000493538,0.002749326,0.01526393,0.002750854,2
Central,h1n1pdm,2018_W49,0.001442199,0.000264135,0.001442606,0.007850047,0.001443531,2
Delridge Neighborhoods,h1n1pdm,2018_W49,0.000912725,0.000114225,0.000912968,0.007268591,0.000913542,1
Downtown,h1n1pdm,2018_W49,0.000896237,0.000157184,0.000896524,0.005093024,0.00089717,1
East,h1n1pdm,2018_W49,0.000922854,0.000146083,0.000923126,0.005810653,0.000923749,1
Greater Duwamish,h1n1pdm,2018_W49,0.000518558,7.98E-05,0.000518768,0.003354985,0.000519232,1
Lake Union,h1n1pdm,2018_W49,0.001396257,0.000251405,0.001396611,0.007731543,0.001397427,2
Magnolia/Queen Anne,h1n1pdm,2018_W49,0.000798534,0.000123929,0.000798794,0.005127287,0.000799384,1
NA,h1n1pdm,2018_W49,1.31E-06,3.60E-51,1.30E-06,4.34E+38,1.31E-06,1
North,h1n1pdm,2018_W49,0.002908043,0.000593698,0.002908715,0.014205229,0.002910269,2
Northeast,h1n1pdm,2018_W49,0.001577075,0.000292346,0.001577492,0.008482094,0.001578446,2
Northwest,h1n1pdm,2018_W49,0.002917055,0.000494401,0.002917647,0.017163888,0.002919063,2
Southeast,h1n1pdm,2018_W49,0.002212222,0.000374409,0.002212706,0.013034029,0.002213851,2
Southwest,h1n1pdm,2018_W49,0.002706689,0.000409864,0.00270727,0.017822609,0.00270866,2
Ballard,h1n1pdm,2018_W50,0.003821642,0.000721908,0.003822189,0.020184213,0.003823565,2
Central,h1n1pdm,2018_W50,0.002055499,0.000395933,0.002055852,0.010644999,0.002056709,2
Delridge Neighborhoods,h1n1pdm,2018_W50,0.001309648,0.000176984,0.00130989,0.009663526,0.00131049,2
Downtown,h1n1pdm,2018_W50,0.001307737,0.000242022,0.001308001,0.007047433,0.001308629,2
East,h1n1pdm,2018_W50,0.001334484,0.000224421,0.00133474,0.00791396,0.001335358,2
Greater Duwamish,h1n1pdm,2018_W50,0.000786028,0.000128655,0.000786245,0.004787026,0.000786744,1
Lake Union,h1n1pdm,2018_W50,0.001954644,0.000370833,0.001954944,0.01027843,0.00195569,2
Magnolia/Queen Anne,h1n1pdm,2018_W50,0.001173726,0.000193645,0.00117398,0.007094015,0.001174582,2
NA,h1n1pdm,2018_W50,1.86E-06,1.32E-48,1.85E-06,2.41E+36,1.86E-06,1
North,h1n1pdm,2018_W50,0.003967489,0.000845133,0.003968008,0.018585636,0.003969317,2
Northeast,h1n1pdm,2018_W50,0.002218624,0.000432407,0.002218977,0.011356464,0.002219844,2
Northwest,h1n1pdm,2018_W50,0.003964029,0.000709871,0.003964512,0.022086064,0.003965777,2
Southeast,h1n1pdm,2018_W50,0.003038867,0.000543909,0.003039271,0.016939239,0.003040311,2
Southwest,h1n1pdm,2018_W50,0.003742505,0.000603007,0.003743009,0.023171471,0.003744318,2
Ballard,h1n1pdm,2018_W51,0.005327817,0.001047316,0.005328262,0.027050422,0.005329532,2
Central,h1n1pdm,2018_W51,0.002937521,0.000588599,0.002937824,0.014630411,0.002938636,2
Delridge Neighborhoods,h1n1pdm,2018_W51,0.001884261,0.000272302,0.001884502,0.013006354,0.001885145,2
Downtown,h1n1pdm,2018_W51,0.001913332,0.000369642,0.001913575,0.009881884,0.001914202,2
East,h1n1pdm,2018_W51,0.001934931,0.00034211,0.001935173,0.01091885,0.001935804,2
Greater Duwamish,h1n1pdm,2018_W51,0.001194677,0.000205779,0.001194906,0.006917374,0.001195458,2
Lake Union,h1n1pdm,2018_W51,0.002743741,0.000542504,0.002743992,0.013849052,0.00274469,2
Magnolia/Queen Anne,h1n1pdm,2018_W51,0.001729864,0.000300279,0.001730113,0.00994162,0.001730746,2
NA,h1n1pdm,2018_W51,2.65E-06,4.58E-46,2.64E-06,1.42E+34,2.65E-06,1
North,h1n1pdm,2018_W51,0.005427522,0.001192689,0.005427906,0.024654942,0.005429034,3
Northeast,h1n1pdm,2018_W51,0.003129585,0.000634254,0.003129878,0.015411716,0.003130685,2
Northwest,h1n1pdm,2018_W51,0.005401344,0.00101107,0.005401726,0.02879963,0.005402885,2
Southeast,h1n1pdm,2018_W51,0.004185688,0.000783805,0.004186018,0.022308518,0.004186985,2
Southwest,h1n1pdm,2018_W51,0.005188694,0.00088036,0.005189125,0.030517716,0.005190388,2
Ballard,h1n1pdm,2018_W52,0.007448946,0.001511215,0.007449292,0.036653747,0.007450501,3
Central,h1n1pdm,2018_W52,0.004210087,0.000870269,0.00421034,0.020330994,0.004211135,2
Delridge Neighborhoods,h1n1pdm,2018_W52,0.002718782,0.000416874,0.002719016,0.017692617,0.002719708,2
Downtown,h1n1pdm,2018_W52,0.002807422,0.00056154,0.002807645,0.014008924,0.002808289,2
East,h1n1pdm,2018_W52,0.002813613,0.000518793,0.002813838,0.015229003,0.002814494,2
Greater Duwamish,h1n1pdm,2018_W52,0.001821,0.000327484,0.001821242,0.0101025,0.001821865,2
Lake Union,h1n1pdm,2018_W52,0.00386249,0.000789326,0.003862692,0.018867823,0.003863363,2
Magnolia/Queen Anne,h1n1pdm,2018_W52,0.002556841,0.000463242,0.002557084,0.014082912,0.002557762,2
NA,h1n1pdm,2018_W52,3.78E-06,1.49E-43,3.78E-06,8.91E+31,3.78E-06,1
North,h1n1pdm,2018_W52,0.007446177,0.001673952,0.007446442,0.033070851,0.007447455,3
Northeast,h1n1pdm,2018_W52,0.004427269,0.000925235,0.004427506,0.021148029,0.00442828,2
Northwest,h1n1pdm,2018_W52,0.007380993,0.001432318,0.007381277,0.037970553,0.007382369,3
Southeast,h1n1pdm,2018_W52,0.005781886,0.001123412,0.005782142,0.029705908,0.005783065,3
Southwest,h1n1pdm,2018_W52,0.007214402,0.001278507,0.007214752,0.040634397,0.007215995,3
Ballard,h1n1pdm,2019_W01,0.010417814,0.002168035,0.01041804,0.049981767,0.0104192,3
Central,h1n1pdm,2019_W01,0.006035838,0.001279303,0.006036027,0.028432195,0.006036812,3
Delridge Neighborhoods,h1n1pdm,2019_W01,0.003924141,0.000634383,0.00392435,0.024226241,0.003925078,2
Downtown,h1n1pdm,2019_W01,0.00412063,0.000848127,0.00412082,0.019986086,0.004121483,2
East,h1n1pdm,2019_W01,0.004092608,0.000782117,0.0040928,0.021377583,0.00409348,2
Greater Duwamish,h1n1pdm,2019_W01,0.002776554,0.000518207,0.002776802,0.014846627,0.002777501,2
Lake Union,h1n1pdm,2019_W01,0.005439144,0.001141753,0.005439286,0.02587062,0.005439935,3
Magnolia/Queen Anne,h1n1pdm,2019_W01,0.003780355,0.000710507,0.003780578,0.020076659,0.003781299,2
NA,h1n1pdm,2019_W01,5.41E-06,4.51E-41,5.40E-06,6.06E+29,5.41E-06,1
North,h1n1pdm,2019_W01,0.010218834,0.002336348,0.010218975,0.044631993,0.010219908,3
Northeast,h1n1pdm,2019_W01,0.006265005,0.001341899,0.006265171,0.029204371,0.006265921,3
Northwest,h1n1pdm,2019_W01,0.010089421,0.00201716,0.010089586,0.050386448,0.010090618,3
Southeast,h1n1pdm,2019_W01,0.007989327,0.001600665,0.00798949,0.039813702,0.007990373,3
Southwest,h1n1pdm,2019_W01,0.010034119,0.001845638,0.010034358,0.054460603,0.010035571,3
Ballard,h1n1pdm,2019_W02,0.014520517,0.003086,0.014520568,0.068225248,0.014521639,3
Central,h1n1pdm,2019_W02,0.008623985,0.001865894,0.008624073,0.039801255,0.00862482,3
Delridge Neighborhoods,h1n1pdm,2019_W02,0.005644686,0.000957115,0.00564483,0.033231491,0.00564555,3
Downtown,h1n1pdm,2019_W02,0.006027624,0.001270857,0.00602775,0.028544832,0.006028407,3
East,h1n1pdm,2019_W02,0.005932812,0.001169516,0.005932938,0.030048242,0.005933607,3
Greater Duwamish,h1n1pdm,2019_W02,0.004219174,0.000813464,0.004219399,0.021844141,0.00422015,2
Lake Union,h1n1pdm,2019_W02,0.007633454,0.00163849,0.007633502,0.035511757,0.007634107,3
Magnolia/Queen Anne,h1n1pdm,2019_W02,0.005570398,0.001080945,0.005570566,0.028657969,0.005571298,3
NA,h1n1pdm,2019_W02,7.71E-06,1.23E-38,7.70E-06,4.52E+27,7.71E-06,1
North,h1n1pdm,2019_W02,0.013976384,0.003236711,0.013976362,0.06027105,0.0139772,3
Northeast,h1n1pdm,2019_W02,0.008835491,0.00193099,0.008835551,0.040370241,0.008836251,3
Northwest,h1n1pdm,2019_W02,0.013744986,0.002818018,0.013744981,0.066944761,0.013745911,3
Southeast,h1n1pdm,2019_W02,0.011002139,0.00226228,0.011002166,0.053428633,0.011002971,3
Southwest,h1n1pdm,2019_W02,0.013908572,0.002642276,0.013908635,0.073099868,0.013909758,3
Ballard,h1n1pdm,2019_W03,0.020054273,0.004337959,0.020054073,0.092585864,0.020054996,3
Central,h1n1pdm,2019_W03,0.012209493,0.002687626,0.012209426,0.055390927,0.01221009,3
Delridge Neighborhoods,h1n1pdm,2019_W03,0.008045551,0.001424416,0.008045573,0.045371239,0.008046219,3
Downtown,h1n1pdm,2019_W03,0.008736781,0.001880349,0.008736795,0.040536927,0.008737401,3
East,h1n1pdm,2019_W03,0.008522007,0.001726239,0.008522017,0.042009359,0.008522624,3
Greater Duwamish,h1n1pdm,2019_W03,0.006352863,0.001260612,0.006353015,0.031963755,0.006353766,3
Lake Union,h1n1pdm,2019_W03,0.010615357,0.002321872,0.01061527,0.048467116,0.010615791,3
Magnolia/Queen Anne,h1n1pdm,2019_W03,0.00813318,0.001623333,0.00813324,0.040686997,0.008133926,3
NA,h1n1pdm,2019_W03,1.09E-05,2.98E-36,1.09E-05,3.75E+25,1.09E-05,1
North,h1n1pdm,2019_W03,0.018941319,0.004430748,0.018941082,0.080871737,0.018941792,3
Northeast,h1n1pdm,2019_W03,0.012346923,0.00274419,0.012346828,0.055478523,0.012347437,3
Northwest,h1n1pdm,2019_W03,0.018554328,0.003886789,0.01855409,0.08845244,0.018554864,3
Southeast,h1n1pdm,2019_W03,0.015012971,0.003156574,0.015012805,0.07130581,0.015013482,3
Southwest,h1n1pdm,2019_W03,0.019103185,0.003733243,0.01910299,0.097611658,0.019103944,3
Ballard,h1n1pdm,2019_W04,0.027317999,0.005998356,0.027317468,0.124254038,0.027318188,4
Central,h1n1pdm,2019_W04,0.01704919,0.003808222,0.017048907,0.076230752,0.017049441,3
Delridge Neighborhoods,h1n1pdm,2019_W04,0.011310731,0.002082249,0.011310564,0.061349703,0.011311054,3
Downtown,h1n1pdm,2019_W04,0.012490458,0.002736368,0.0124903,0.056939015,0.012490801,3
East,h1n1pdm,2019_W04,0.012073761,0.002504995,0.012073594,0.058114858,0.012074078,3
Greater Duwamish,h1n1pdm,2019_W04,0.009434763,0.001920773,0.009434773,0.046275557,0.00943544,3
Lake Union,h1n1pdm,2019_W04,0.014560274,0.003236322,0.014560004,0.065423665,0.014560408,3
Magnolia/Queen Anne,h1n1pdm,2019_W04,0.011712596,0.002396768,0.011712478,0.057157686,0.011713044,3
NA,h1n1pdm,2019_W04,1.52E-05,6.15E-34,1.52E-05,3.54E+23,1.52E-05,1
North,h1n1pdm,2019_W04,0.025318975,0.005970288,0.025318467,0.107243661,0.025319026,4
Northeast,h1n1pdm,2019_W04,0.01701782,0.003836447,0.017017515,0.075392909,0.017017995,3
Northwest,h1n1pdm,2019_W04,0.024704047,0.005271765,0.024703513,0.11561629,0.024704087,4
Southeast,h1n1pdm,2019_W04,0.020205863,0.004330939,0.020205445,0.094147976,0.02020595,3
Southwest,h1n1pdm,2019_W04,0.025878988,0.005184505,0.025878448,0.129002849,0.025879158,4
Ballard,h1n1pdm,2019_W05,0.036398535,0.008094351,0.036397629,0.163474059,0.036398172,4
Central,h1n1pdm,2019_W05,0.023286319,0.005266172,0.023285778,0.102842454,0.023286185,4
Delridge Neighborhoods,h1n1pdm,2019_W05,0.015553215,0.002965411,0.015552807,0.081463039,0.015553101,3
Downtown,h1n1pdm,2019_W05,0.017466384,0.003885437,0.017466008,0.078419001,0.017466384,3
East,h1n1pdm,2019_W05,0.016731621,0.003545124,0.016731231,0.078865074,0.016731568,3
Greater Duwamish,h1n1pdm,2019_W05,0.013705272,0.002854422,0.013705068,0.065715838,0.013705586,3
Lake Union,h1n1pdm,2019_W05,0.01953444,0.004401766,0.019533962,0.086584947,0.019534257,3
Magnolia/Queen Anne,h1n1pdm,2019_W05,0.016498308,0.003451117,0.016497955,0.078767951,0.016498361,3
NA,h1n1pdm,2019_W05,2.07E-05,1.04E-31,2.06E-05,3.91E+21,2.07E-05,1
North,h1n1pdm,2019_W05,0.033103761,0.007856495,0.033102961,0.139319872,0.033103408,4
Northeast,h1n1pdm,2019_W05,0.022942516,0.005234507,0.022941968,0.100433169,0.022942329,4
Northwest,h1n1pdm,2019_W05,0.032172776,0.006975321,0.032171921,0.148207395,0.032172328,4
Southeast,h1n1pdm,2019_W05,0.026600179,0.005796554,0.026599484,0.121915035,0.026599837,4
Southwest,h1n1pdm,2019_W05,0.034291204,0.007020032,0.034290275,0.167286909,0.034290755,4
Ballard,h1n1pdm,2019_W06,0.047121137,0.010591347,0.047119847,0.209388911,0.04712029,4
Central,h1n1pdm,2019_W06,0.030902208,0.007061667,0.030901388,0.135067122,0.03090171,4
Delridge Neighborhoods,h1n1pdm,2019_W06,0.020780025,0.004087091,0.020779353,0.105514003,0.020779461,3
Downtown,h1n1pdm,2019_W06,0.023731647,0.005348695,0.023731022,0.105167071,0.023731293,4
East,h1n1pdm,2019_W06,0.022528386,0.004861422,0.022527747,0.104269268,0.022527955,4
Greater Duwamish,h1n1pdm,2019_W06,0.019343772,0.004110463,0.019343296,0.090915074,0.019343634,3
Lake Union,h1n1pdm,2019_W06,0.025464206,0.005804667,0.02546351,0.111573694,0.025463737,4
Magnolia/Queen Anne,h1n1pdm,2019_W06,0.0225798,0.004814967,0.022579173,0.10575482,0.022579421,4
NA,h1n1pdm,2019_W06,2.73E-05,1.36E-29,2.73E-05,5.2617E+19,2.73E-05,1
North,h1n1pdm,2019_W06,0.042053782,0.010032433,0.042052687,0.176074969,0.042053088,4
Northeast,h1n1pdm,2019_W06,0.030051911,0.006925885,0.030051108,0.130241881,0.030051396,4
Northwest,h1n1pdm,2019_W06,0.040710694,0.008945598,0.040709528,0.185044004,0.040709847,4
Southeast,h1n1pdm,2019_W06,0.0340243,0.007519252,0.034023328,0.153770554,0.034023593,4
Southwest,h1n1pdm,2019_W06,0.044148279,0.009207809,0.044146957,0.211407799,0.04414729,4
Ballard,h1n1pdm,2019_W07,0.058494705,0.013265545,0.058493101,0.257623226,0.058493625,5
Central,h1n1pdm,2019_W07,0.039322129,0.009064511,0.039321069,0.170377395,0.03932143,4
Delridge Neighborhoods,h1n1pdm,2019_W07,0.02662181,0.005380403,0.02662093,0.131554299,0.026621001,4
Downtown,h1n1pdm,2019_W07,0.030918821,0.007046551,0.030917976,0.135502704,0.030918252,4
East,h1n1pdm,2019_W07,0.029086251,0.006376172,0.029085402,0.132520552,0.029085602,4
Greater Duwamish,h1n1pdm,2019_W07,0.02617948,0.005661568,0.02617875,0.120905068,0.026179014,4
Lake Union,h1n1pdm,2019_W07,0.031829232,0.007326305,0.031828358,0.138118005,0.031828621,4
Magnolia/Queen Anne,h1n1pdm,2019_W07,0.029632198,0.006425083,0.029631333,0.136493651,0.029631549,4
NA,h1n1pdm,2019_W07,3.47E-05,1.28E-27,3.47E-05,9.02104E+17,3.47E-05,1
North,h1n1pdm,2019_W07,0.051226952,0.012272175,0.051225617,0.213585124,0.051226093,4
Northeast,h1n1pdm,2019_W07,0.037745544,0.008772335,0.037744526,0.16221903,0.037744859,4
Northwest,h1n1pdm,2019_W07,0.049396575,0.010976277,0.049395178,0.222028955,0.049395577,4
Southeast,h1n1pdm,2019_W07,0.041731095,0.009331732,0.041729913,0.186393541,0.041730236,4
Southwest,h1n1pdm,2019_W07,0.054501654,0.011547986,0.054500038,0.256902598,0.054500441,5
Ballard,h1n1pdm,2019_W08,0.068743272,0.015705808,0.06874153,0.30052114,0.06874241,5
Central,h1n1pdm,2019_W08,0.047367771,0.01099936,0.047366589,0.203741225,0.0473672,4
Delridge Neighborhoods,h1n1pdm,2019_W08,0.032287578,0.006679838,0.032286639,0.155865341,0.032286949,4
Downtown,h1n1pdm,2019_W08,0.038135521,0.008773724,0.038134562,0.16555893,0.038135053,4
East,h1n1pdm,2019_W08,0.035551099,0.007898805,0.035550159,0.159812666,0.035550578,4
Greater Duwamish,h1n1pdm,2019_W08,0.033542031,0.007365264,0.033541175,0.152563273,0.03354165,4
Lake Union,h1n1pdm,2019_W08,0.03766436,0.008739885,0.037663408,0.162119923,0.037663872,4
Magnolia/Queen Anne,h1n1pdm,2019_W08,0.03681391,0.008097523,0.036812935,0.167160761,0.036813382,4
NA,h1n1pdm,2019_W08,4.17E-05,7.95E-26,4.17E-05,2.10378E+16,4.17E-05,1
North,h1n1pdm,2019_W08,0.059074262,0.014201462,0.059072821,0.245446248,0.059073562,5
Northeast,h1n1pdm,2019_W08,0.044881018,0.010504036,0.044879898,0.191537012,0.044880462,4
Northwest,h1n1pdm,2019_W08,0.0567406,0.012724317,0.056739131,0.252709885,0.05673984,5
Southeast,h1n1pdm,2019_W08,0.048454754,0.010941333,0.0484535,0.214325648,0.048454092,4
Southwest,h1n1pdm,2019_W08,0.063695841,0.013674501,0.063694129,0.296322461,0.063694919,5
Ballard,h1n1pdm,2019_W09,0.076907152,0.01767465,0.076905408,0.334236194,0.076906787,5
Central,h1n1pdm,2019_W09,0.054316644,0.012687673,0.054315437,0.232252333,0.054316421,5
Delridge Neighborhoods,h1n1pdm,2019_W09,0.037277494,0.007863487,0.037276591,0.176489459,0.037277281,4
Downtown,h1n1pdm,2019_W09,0.044777003,0.010382097,0.044776016,0.192884712,0.044776857,4
East,h1n1pdm,2019_W09,0.041365061,0.009293221,0.041364117,0.183892169,0.041364887,4
Greater Duwamish,h1n1pdm,2019_W09,0.040910496,0.00910049,0.040909621,0.183678986,0.040910519,4
Lake Union,h1n1pdm,2019_W09,0.042427763,0.009909073,0.042426811,0.181444559,0.042427561,4
Magnolia/Queen Anne,h1n1pdm,2019_W09,0.043538284,0.009692099,0.043537299,0.195336261,0.043538143,4
NA,h1n1pdm,2019_W09,4.77E-05,2.97E-24,4.77E-05,7.39523E+14,4.77E-05,1
North,h1n1pdm,2019_W09,0.064850377,0.015632365,0.064848946,0.268712971,0.064850055,5
Northeast,h1n1pdm,2019_W09,0.050800793,0.011956342,0.050799663,0.215586686,0.050800563,4
Northwest,h1n1pdm,2019_W09,0.062044747,0.014012442,0.062043315,0.27438548,0.062044421,5
Southeast,h1n1pdm,2019_W09,0.05355803,0.012186305,0.0535568,0.235095728,0.05355775,5
Southwest,h1n1pdm,2019_W09,0.070863873,0.015372357,0.070862196,0.326256841,0.0708635,5
Ballard,h1n1pdm,2019_W10,0.082932089,0.019140419,0.082930407,0.358889322,0.082932277,5
Central,h1n1pdm,2019_W10,0.060031985,0.014085022,0.060030799,0.255552395,0.060032171,5
Delridge Neighborhoods,h1n1pdm,2019_W10,0.041482489,0.008885437,0.041481632,0.19341441,0.04148267,4
Downtown,h1n1pdm,2019_W10,0.05067485,0.011821045,0.050673869,0.216969097,0.050675082,4
East,h1n1pdm,2019_W10,0.046389966,0.010513238,0.046389044,0.204442012,0.046390164,4
Greater Duwamish,h1n1pdm,2019_W10,0.048094183,0.010813072,0.048093317,0.213642128,0.048094675,4
Lake Union,h1n1pdm,2019_W10,0.046065912,0.010809928,0.046064992,0.196069092,0.046066028,4
Magnolia/Queen Anne,h1n1pdm,2019_W10,0.049629207,0.01115437,0.049628238,0.220538308,0.04962949,4
NA,h1n1pdm,2019_W10,5.26E-05,6.00E-23,5.26E-05,4.45756E+13,5.26E-05,1
North,h1n1pdm,2019_W10,0.068617706,0.016570708,0.06861635,0.283801589,0.068617835,5
Northeast,h1n1pdm,2019_W10,0.055422132,0.013097906,0.055421034,0.234228456,0.055422278,5
Northwest,h1n1pdm,2019_W10,0.065391731,0.014839653,0.065390378,0.287794832,0.065391845,5
Southeast,h1n1pdm,2019_W10,0.057058039,0.013052825,0.057056869,0.249111021,0.057058152,5
Southwest,h1n1pdm,2019_W10,0.075988059,0.016608385,0.075986455,0.347224561,0.075988219,5
Ballard,h1n1pdm,2019_W11,0.087480969,0.020244593,0.087479334,0.377556654,0.087481575,5
Central,h1n1pdm,2019_W11,0.064900689,0.015274074,0.064899509,0.275431237,0.06490119,5
Delridge Neighborhoods,h1n1pdm,2019_W11,0.045154695,0.009780614,0.045153836,0.208198816,0.045155091,4
Downtown,h1n1pdm,2019_W11,0.056099073,0.013144984,0.056098074,0.239121237,0.056099579,5
East,h1n1pdm,2019_W11,0.050890673,0.011607067,0.050889742,0.222849253,0.050891117,4
Greater Duwamish,h1n1pdm,2019_W11,0.055306858,0.012540276,0.055305941,0.243613703,0.055307641,5
Lake Union,h1n1pdm,2019_W11,0.048925487,0.011516616,0.04892459,0.207594274,0.048925842,4
Magnolia/Queen Anne,h1n1pdm,2019_W11,0.055338277,0.012528238,0.055337283,0.244126453,0.055338833,5
NA,h1n1pdm,2019_W11,5.67E-05,5.86E-22,5.67E-05,5.31818E+12,5.67E-05,1
North,h1n1pdm,2019_W11,0.071020565,0.01716815,0.071019283,0.293443538,0.071021059,5
Northeast,h1n1pdm,2019_W11,0.059144462,0.014015812,0.059143385,0.249276963,0.059144898,5
Northwest,h1n1pdm,2019_W11,0.067415878,0.015338898,0.06741459,0.295929666,0.067416311,5
Southeast,h1n1pdm,2019_W11,0.059460233,0.013645867,0.05945911,0.258769619,0.059460629,5
Southwest,h1n1pdm,2019_W11,0.079705262,0.017502552,0.079703701,0.362508294,0.079705779,5
Ballard,h1n1pdm,2019_W12,0.09142389,0.021185222,0.091422196,0.394049281,0.091424563,5
Central,h1n1pdm,2019_W12,0.069511204,0.016390588,0.069509944,0.29443214,0.069511746,5
Delridge Neighborhoods,h1n1pdm,2019_W12,0.048694381,0.01062315,0.048693442,0.222918658,0.048694755,4
Downtown,h1n1pdm,2019_W12,0.06152649,0.014461606,0.061525385,0.26144249,0.061527011,5
East,h1n1pdm,2019_W12,0.055308785,0.012668722,0.055307764,0.241165291,0.055309231,5
Greater Duwamish,h1n1pdm,2019_W12,0.06301055,0.014379794,0.063009453,0.27575873,0.063011268,5
Lake Union,h1n1pdm,2019_W12,0.051479678,0.012138091,0.051478741,0.218067798,0.051480068,4
Magnolia/Queen Anne,h1n1pdm,2019_W12,0.061130054,0.013911153,0.061128935,0.268288997,0.061130592,5
NA,h1n1pdm,2019_W12,6.06E-05,2.47E-21,6.06E-05,1.43934E+12,6.06E-05,1
North,h1n1pdm,2019_W12,0.072824089,0.017610813,0.072822795,0.300780735,0.072824655,5
Northeast,h1n1pdm,2019_W12,0.062529052,0.014840943,0.062527922,0.263132665,0.062529532,5
Northwest,h1n1pdm,2019_W12,0.068856083,0.015675567,0.068854785,0.302078112,0.068856576,5
Southeast,h1n1pdm,2019_W12,0.061386343,0.014104635,0.061385196,0.26683504,0.061386786,5
Southwest,h1n1pdm,2019_W12,0.082826572,0.018224623,0.082824961,0.375947011,0.082827137,5
Ballard,h1n1pdm,2019_W13,0.094225781,0.021834406,0.094223959,0.406129196,0.094226243,5
Central,h1n1pdm,2019_W13,0.073419205,0.017326081,0.073417804,0.310736117,0.073419565,5
Delridge Neighborhoods,h1n1pdm,2019_W13,0.051784554,0.011332828,0.051783502,0.236324054,0.051784784,4
Downtown,h1n1pdm,2019_W13,0.066545675,0.01566921,0.066544406,0.282269768,0.06654601,5
East,h1n1pdm,2019_W13,0.059278736,0.013607651,0.059277579,0.257915541,0.05927902,5
Greater Duwamish,h1n1pdm,2019_W13,0.070795275,0.01622921,0.070793921,0.308441253,0.070795701,5
Lake Union,h1n1pdm,2019_W13,0.053418264,0.012598465,0.053417245,0.226221746,0.053418528,5
Magnolia/Queen Anne,h1n1pdm,2019_W13,0.066593765,0.015201303,0.066592464,0.291371402,0.066594096,5
NA,h1n1pdm,2019_W13,6.39E-05,4.10E-21,6.38E-05,9.64136E+11,6.39E-05,1
North,h1n1pdm,2019_W13,0.073640795,0.017804314,0.073639426,0.304223553,0.073641189,5
Northeast,h1n1pdm,2019_W13,0.065191996,0.01547929,0.06519076,0.274228394,0.06519232,5
Northwest,h1n1pdm,2019_W13,0.069354064,0.015766115,0.069352709,0.30470398,0.06935442,5
Southeast,h1n1pdm,2019_W13,0.06249715,0.014348309,0.062495935,0.271883211,0.062497462,5
Southwest,h1n1pdm,2019_W13,0.084879584,0.018664371,0.084877872,0.38551425,0.08487998,5
Ballard,h1n1pdm,2019_W14,0.095161105,0.022019213,0.095159126,0.410758134,0.095161163,5
Central,h1n1pdm,2019_W14,0.075985512,0.017924423,0.075983946,0.321730795,0.075985537,5
Delridge Neighborhoods,h1n1pdm,2019_W14,0.053961336,0.011797399,0.053960163,0.246506212,0.053961349,5
Downtown,h1n1pdm,2019_W14,0.070525534,0.016612257,0.070524076,0.299047329,0.070525548,5
East,h1n1pdm,2019_W14,0.062254039,0.014290418,0.06225273,0.270867299,0.062254053,5
Greater Duwamish,h1n1pdm,2019_W14,0.077941468,0.017910781,0.077939831,0.338757882,0.077941491,5
Lake Union,h1n1pdm,2019_W14,0.054313901,0.012793611,0.054312784,0.230305555,0.054313929,5
Magnolia/Queen Anne,h1n1pdm,2019_W14,0.071084917,0.016241122,0.071083416,0.310744655,0.071084929,5
NA,h1n1pdm,2019_W14,6.59E-05,2.57E-21,6.59E-05,1.6417E+12,6.59E-05,1
North,h1n1pdm,2019_W14,0.072967751,0.017624789,0.072966286,0.301732675,0.072967817,5
Northeast,h1n1pdm,2019_W14,0.066599283,0.015800042,0.066597919,0.280387764,0.066599314,5
Northwest,h1n1pdm,2019_W14,0.068448972,0.01550475,0.068447537,0.301807554,0.06844904,5
Southeast,h1n1pdm,2019_W14,0.062346013,0.014272019,0.062344711,0.272017571,0.062346062,5
Southwest,h1n1pdm,2019_W14,0.085232355,0.018678265,0.085230518,0.388438,0.085232411,5
Ballard,h1n1pdm,2019_W15,0.0925406,0.021348026,0.092538541,0.400662085,0.092540261,5
Central,h1n1pdm,2019_W15,0.075722109,0.017831153,0.07572044,0.321177398,0.075721812,5
Delridge Neighborhoods,h1n1pdm,2019_W15,0.054141468,0.011774853,0.054140207,0.248630861,0.054141238,5
Downtown,h1n1pdm,2019_W15,0.071969148,0.016932397,0.071967555,0.305529461,0.071968852,5
East,h1n1pdm,2019_W15,0.062951255,0.014416971,0.062949839,0.274538839,0.062950998,5
Greater Duwamish,h1n1pdm,2019_W15,0.082624829,0.018991835,0.082622974,0.359024911,0.082624492,5
Lake Union,h1n1pdm,2019_W15,0.053174373,0.012488809,0.0531732,0.226131855,0.053174168,4
Magnolia/Queen Anne,h1n1pdm,2019_W15,0.073061709,0.016669663,0.073060062,0.319830952,0.073061412,5
NA,h1n1pdm,2019_W15,6.56E-05,6.18E-22,6.55E-05,6.7326E+12,6.56E-05,1
North,h1n1pdm,2019_W15,0.069617197,0.01678458,0.069615701,0.288409535,0.06961697,5
Northeast,h1n1pdm,2019_W15,0.065511158,0.015507168,0.06550972,0.276425989,0.065510906,5
Northwest,h1n1pdm,2019_W15,0.06504777,0.01464832,0.0650463,0.288495858,0.065047533,5
Southeast,h1n1pdm,2019_W15,0.059885678,0.01363836,0.059884331,0.262633761,0.059885451,5
Southwest,h1n1pdm,2019_W15,0.082409652,0.0179465,0.082407743,0.377943637,0.082409329,5
Ballard,h1n1pdm,2019_W16,0.085574971,0.019649867,0.085572951,0.372225968,0.085574326,5
Central,h1n1pdm,2019_W16,0.071753708,0.016844652,0.071752036,0.305286396,0.071753166,5
Delridge Neighborhoods,h1n1pdm,2019_W16,0.051653597,0.01112819,0.051652293,0.239457252,0.051653095,4
Downtown,h1n1pdm,2019_W16,0.069835861,0.016386505,0.069834227,0.297270264,0.069835314,5
East,h1n1pdm,2019_W16,0.060529644,0.013798716,0.060528194,0.265196791,0.060529144,5
Greater Duwamish,h1n1pdm,2019_W16,0.083289274,0.019109145,0.083287299,0.362584788,0.083288623,5
Lake Union,h1n1pdm,2019_W16,0.049501843,0.011573194,0.049500682,0.211479858,0.049501456,4
Magnolia/Queen Anne,h1n1pdm,2019_W16,0.0714051,0.016232579,0.071403391,0.313718757,0.071404523,5
NA,h1n1pdm,2019_W16,6.20E-05,6.21E-23,6.19E-05,5.97779E+13,6.20E-05,1
North,h1n1pdm,2019_W16,0.063158906,0.015185411,0.063157475,0.262380372,0.063158487,5
Northeast,h1n1pdm,2019_W16,0.061276219,0.014452044,0.061274795,0.259499871,0.061275754,5
Northwest,h1n1pdm,2019_W16,0.05877975,0.013129409,0.058778325,0.262829201,0.058779264,5
Southeast,h1n1pdm,2019_W16,0.05469695,0.01236473,0.054695632,0.241662517,0.054696494,5
Southwest,h1n1pdm,2019_W16,0.075767472,0.016349461,0.075765583,0.350681956,0.075766803,5
Ballard,h1n1pdm,2019_W17,0.074739818,0.017055205,0.07473796,0.32713003,0.074738993,5
Central,h1n1pdm,2019_W17,0.064216782,0.015009074,0.064215211,0.274425836,0.064216085,5
Delridge Neighborhoods,h1n1pdm,2019_W17,0.046542222,0.009892063,0.046540936,0.218705194,0.046541464,4
Downtown,h1n1pdm,2019_W17,0.064001901,0.014955589,0.064000324,0.273567444,0.064001171,5
East,h1n1pdm,2019_W17,0.054967982,0.012445463,0.054966578,0.242482455,0.054967283,5
Greater Duwamish,h1n1pdm,2019_W17,0.079296786,0.018123187,0.079294791,0.346538293,0.079295834,5
Lake Union,h1n1pdm,2019_W17,0.043523121,0.010112183,0.043522043,0.187100648,0.043522621,4
Magnolia/Queen Anne,h1n1pdm,2019_W17,0.065909288,0.014896276,0.065907609,0.291263787,0.065908467,5
NA,h1n1pdm,2019_W17,5.53E-05,2.93E-24,5.53E-05,1.00774E+15,5.53E-05,1
North,h1n1pdm,2019_W17,0.054117458,0.01296326,0.054116183,0.225657629,0.054116957,5
Northeast,h1n1pdm,2019_W17,0.054131877,0.01270296,0.054130555,0.230401128,0.054131285,5
Northwest,h1n1pdm,2019_W17,0.050165361,0.011088958,0.050164066,0.226662723,0.050164732,4
Southeast,h1n1pdm,2019_W17,0.047182654,0.010563558,0.047181443,0.210485477,0.047182059,4
Southwest,h1n1pdm,2019_W17,0.065791607,0.01402728,0.065789847,0.308189865,0.065790702,5
Ballard,h1n1pdm,2019_W18,0.061505158,0.013924959,0.061503569,0.271332417,0.061504319,5
Central,h1n1pdm,2019_W18,0.054150174,0.012583655,0.054148795,0.232742071,0.054149434,5
Delridge Neighborhoods,h1n1pdm,2019_W18,0.039512519,0.008251626,0.039511335,0.188964519,0.039511627,4
Downtown,h1n1pdm,2019_W18,0.055265248,0.01284203,0.055263818,0.237549149,0.055264427,5
East,h1n1pdm,2019_W18,0.047032011,0.010552577,0.047030737,0.209363268,0.047031212,4
Greater Duwamish,h1n1pdm,2019_W18,0.071133415,0.016163735,0.071131503,0.312667021,0.071132211,5
Lake Union,h1n1pdm,2019_W18,0.036054745,0.008310812,0.036053814,0.156228761,0.036054227,4
Magnolia/Queen Anne,h1n1pdm,2019_W18,0.057320035,0.012852074,0.057318481,0.255335608,0.057319058,5
NA,h1n1pdm,2019_W18,4.66E-05,7.36E-26,4.65E-05,2.83004E+16,4.65E-05,1
North,h1n1pdm,2019_W18,0.043690733,0.010416142,0.043689677,0.183046241,0.043690258,4
Northeast,h1n1pdm,2019_W18,0.045057253,0.010505283,0.045056108,0.193021116,0.04505664,4
Northwest,h1n1pdm,2019_W18,0.040339033,0.00880391,0.040337948,0.184601769,0.040338418,4
Southeast,h1n1pdm,2019_W18,0.038348359,0.008483836,0.03834733,0.173127884,0.038347761,4
Southwest,h1n1pdm,2019_W18,0.053827738,0.011307189,0.053826222,0.255921059,0.0538268,5
Ballard,h1n1pdm,2019_W19,0.047509498,0.010653347,0.047508298,0.211612874,0.047508954,4
Central,h1n1pdm,2019_W19,0.042860393,0.009888857,0.042859311,0.185543077,0.042859851,4
Delridge Neighborhoods,h1n1pdm,2019_W19,0.031486285,0.006435238,0.031485337,0.153858107,0.031485591,4
Downtown,h1n1pdm,2019_W19,0.044793154,0.010335138,0.04479199,0.193904276,0.044792487,4
East,h1n1pdm,2019_W19,0.037772494,0.008379635,0.037771467,0.170056769,0.037771859,4
Greater Duwamish,h1n1pdm,2019_W19,0.059896325,0.01350647,0.059894664,0.265298,0.059895177,5
Lake Union,h1n1pdm,2019_W19,0.028035319,0.006399838,0.028034609,0.122663847,0.02803497,4
Magnolia/Queen Anne,h1n1pdm,2019_W19,0.046791305,0.010385516,0.046790018,0.210557577,0.046790472,4
NA,h1n1pdm,2019_W19,3.68E-05,1.10E-27,3.67E-05,1.17493E+18,3.68E-05,1
North,h1n1pdm,2019_W19,0.033108909,0.007847008,0.033108136,0.1395309,0.033108639,4
Northeast,h1n1pdm,2019_W19,0.035203319,0.00814247,0.035202439,0.152016234,0.035202897,4
Northwest,h1n1pdm,2019_W19,0.030447303,0.006545208,0.030446519,0.141457486,0.030446964,4
Southeast,h1n1pdm,2019_W19,0.029255883,0.006380515,0.029255125,0.133976468,0.029255525,4
Southwest,h1n1pdm,2019_W19,0.041337756,0.008530761,0.041336625,0.200053169,0.041337167,4
Ballard,h1n1pdm,2019_W20,0.034995235,0.007756361,0.034994424,0.157694832,0.034995071,4
Central,h1n1pdm,2019_W20,0.032349612,0.007397628,0.032348841,0.141291905,0.032349353,4
Delridge Neighborhoods,h1n1pdm,2019_W20,0.023925482,0.004766041,0.023924811,0.119947346,0.023925128,4
Downtown,h1n1pdm,2019_W20,0.034619714,0.007917358,0.034618847,0.151196354,0.034619308,4
East,h1n1pdm,2019_W20,0.0289274,0.006329271,0.028926651,0.132045677,0.028927044,4
Greater Duwamish,h1n1pdm,2019_W20,0.048093424,0.010739682,0.048092089,0.215105558,0.04809252,4
Lake Union,h1n1pdm,2019_W20,0.020787528,0.00468974,0.020787043,0.092028425,0.020787405,3
Magnolia/Queen Anne,h1n1pdm,2019_W20,0.036422889,0.007983385,0.036421917,0.165967622,0.036422351,4
NA,h1n1pdm,2019_W20,2.77E-05,1.10E-29,2.77E-05,6.65468E+19,2.77E-05,1
North,h1n1pdm,2019_W20,0.023925286,0.005628851,0.02392478,0.101571301,0.023925257,4
Northeast,h1n1pdm,2019_W20,0.026227724,0.006007165,0.026227115,0.114372732,0.02622756,4
Northwest,h1n1pdm,2019_W20,0.021914228,0.004627877,0.021913734,0.103635235,0.021914212,3
Southeast,h1n1pdm,2019_W20,0.021283035,0.004563982,0.021282544,0.099121406,0.021282972,3
Southwest,h1n1pdm,2019_W20,0.030272253,0.006118352,0.030271511,0.149581962,0.030272111,4
Ballard,h1n1pdm,2019_W21,0.02466794,0.005391521,0.024667504,0.112717996,0.024668248,4
Central,h1n1pdm,2019_W21,0.023365551,0.005285018,0.023365098,0.103172096,0.023365686,4
Delridge Neighborhoods,h1n1pdm,2019_W21,0.017397681,0.003363617,0.017397309,0.089861806,0.017397796,3
Downtown,h1n1pdm,2019_W21,0.025605069,0.005792141,0.025604522,0.113050919,0.025605067,4
East,h1n1pdm,2019_W21,0.021199904,0.004562188,0.021199455,0.098386542,0.02119996,3
Greater Duwamish,h1n1pdm,2019_W21,0.036954356,0.008153375,0.036953428,0.167284003,0.036953972,4
Lake Union,h1n1pdm,2019_W21,0.014750022,0.003280859,0.014749759,0.066228377,0.014750187,3
Magnolia/Queen Anne,h1n1pdm,2019_W21,0.027131428,0.005857117,0.027130813,0.125518393,0.027131372,4
NA,h1n1pdm,2019_W21,1.99E-05,7.91E-32,1.99E-05,4.78E+21,1.99E-05,1
North,h1n1pdm,2019_W21,0.016544873,0.003856882,0.016544613,0.070884338,0.016545131,3
Northeast,h1n1pdm,2019_W21,0.018699607,0.004231997,0.018699266,0.082522756,0.01869978,3
Northwest,h1n1pdm,2019_W21,0.01509369,0.003122296,0.015093461,0.072866477,0.015094029,3
Southeast,h1n1pdm,2019_W21,0.014816511,0.003115144,0.014816271,0.070377441,0.014816788,3
Southwest,h1n1pdm,2019_W21,0.021214699,0.004185401,0.021214331,0.107382632,0.021215077,3
Ballard,h1n1pdm,2019_W22,0.016708249,0.003590742,0.016708163,0.077638982,0.016709097,3
Central,h1n1pdm,2019_W22,0.016216484,0.003618594,0.016216344,0.07257698,0.016217113,3
Delridge Neighborhoods,h1n1pdm,2019_W22,0.012156103,0.002270658,0.012156029,0.06498085,0.012156762,3
Downtown,h1n1pdm,2019_W22,0.018196967,0.004061028,0.018196758,0.081431881,0.018197514,3
East,h1n1pdm,2019_W22,0.014928974,0.003149563,0.014928834,0.070666664,0.014929554,3
Greater Duwamish,h1n1pdm,2019_W22,0.027284752,0.005931445,0.027284295,0.125347044,0.027285172,4
Lake Union,h1n1pdm,2019_W22,0.010056697,0.002198999,0.010056643,0.045929863,0.010057195,3
Magnolia/Queen Anne,h1n1pdm,2019_W22,0.019419639,0.004116132,0.019419404,0.091496842,0.019420234,3
NA,h1n1pdm,2019_W22,1.38E-05,4.38E-34,1.38E-05,4.12E+23,1.38E-05,1
North,h1n1pdm,2019_W22,0.010993708,0.002533174,0.010993669,0.047648488,0.010994289,3
Northeast,h1n1pdm,2019_W22,0.012810881,0.002857025,0.012810797,0.057367254,0.012811459,3
Northwest,h1n1pdm,2019_W22,0.009989346,0.002017284,0.009989348,0.049393723,0.00999004,3
Southeast,h1n1pdm,2019_W22,0.009911308,0.00203621,0.009911294,0.048174228,0.009911942,3
Southwest,h1n1pdm,2019_W22,0.014285734,0.002740859,0.014285702,0.074347871,0.014286655,3
Ballard,h1n1pdm,2019_W23,0.010948842,0.002304926,0.010949062,0.051929296,0.01095024,3
Central,h1n1pdm,2019_W23,0.010888679,0.002388553,0.010888835,0.049565425,0.010889861,3
Delridge Neighborhoods,h1n1pdm,2019_W23,0.008217416,0.001475355,0.008217606,0.0456916,0.008218598,3
Downtown,h1n1pdm,2019_W23,0.01251145,0.002744993,0.012511573,0.05694403,0.01251264,3
East,h1n1pdm,2019_W23,0.010170992,0.002095041,0.010171143,0.049302742,0.01017214,3
Greater Duwamish,h1n1pdm,2019_W23,0.019490065,0.004159721,0.019490107,0.091189323,0.019491492,3
Lake Union,h1n1pdm,2019_W23,0.006633711,0.001420496,0.006633844,0.030932351,0.006634554,3
Magnolia/Queen Anne,h1n1pdm,2019_W23,0.013447631,0.002787468,0.013447772,0.0647786,0.01344897,3
NA,h1n1pdm,2019_W23,9.25E-06,1.96E-36,9.24E-06,4.10E+25,9.25E-06,1
North,h1n1pdm,2019_W23,0.007067481,0.001604157,0.007067635,0.03109146,0.007068398,3
Northeast,h1n1pdm,2019_W23,0.008491122,0.001859261,0.008491273,0.038720771,0.008492134,3
Northwest,h1n1pdm,2019_W23,0.006396121,0.001255689,0.006396306,0.032526349,0.006397128,3
Southeast,h1n1pdm,2019_W23,0.006414367,0.001282306,0.006414538,0.032034104,0.006415328,3
Southwest,h1n1pdm,2019_W23,0.009306926,0.001728756,0.009307169,0.050020452,0.009308335,3
Ballard,h1n1pdm,2019_W24,0.006996825,0.001435624,0.00699731,0.034038141,0.006998764,3
Central,h1n1pdm,2019_W24,0.007129982,0.00153008,0.007130415,0.033166965,0.007131759,3
Delridge Neighborhoods,h1n1pdm,2019_W24,0.005417154,0.000929189,0.005417559,0.031517992,0.005418785,2
Downtown,h1n1pdm,2019_W24,0.008388986,0.001800701,0.008389436,0.039015533,0.008390897,3
East,h1n1pdm,2019_W24,0.006757576,0.001351886,0.006757993,0.033717441,0.006759301,3
Greater Duwamish,h1n1pdm,2019_W24,0.013576948,0.002831157,0.013577503,0.065000919,0.013579539,3
Lake Union,h1n1pdm,2019_W24,0.004267301,0.000890308,0.004267598,0.020416272,0.004268486,2
Magnolia/Queen Anne,h1n1pdm,2019_W24,0.009081223,0.001831386,0.009081721,0.044951186,0.009083351,3
NA,h1n1pdm,2019_W24,6.04E-06,7.46E-39,6.04E-06,4.59E+27,6.04E-06,1
North,h1n1pdm,2019_W24,0.00443079,0.000985915,0.004431114,0.019876996,0.004432052,2
Northeast,h1n1pdm,2019_W24,0.005488414,0.001174117,0.005488778,0.02561007,0.005489876,3
Northwest,h1n1pdm,2019_W24,0.003993847,0.000758207,0.003994173,0.020996131,0.003995115,2
Southeast,h1n1pdm,2019_W24,0.00404829,0.000783332,0.004048609,0.020881245,0.004049537,2
Southwest,h1n1pdm,2019_W24,0.005912962,0.00105751,0.005913418,0.032995638,0.005914777,3
Ballard,h1n1pdm,2019_W25,0.004391104,0.000872281,0.004391826,0.022052324,0.004393584,2
Central,h1n1pdm,2019_W25,0.004585025,0.000956222,0.004585727,0.021934817,0.00458745,2
Delridge Neighborhoods,h1n1pdm,2019_W25,0.003507094,0.00057054,0.003507669,0.021502701,0.003509101,2
Downtown,h1n1pdm,2019_W25,0.005523959,0.001152445,0.005524739,0.026419142,0.005526682,3
East,h1n1pdm,2019_W25,0.004409185,0.000850844,0.00440985,0.022795611,0.0044115,2
Greater Duwamish,h1n1pdm,2019_W25,0.009288198,0.001880053,0.009289297,0.045790362,0.009292146,3
Lake Union,h1n1pdm,2019_W25,0.002695817,0.000544306,0.002696263,0.013320023,0.002697347,2
Magnolia/Queen Anne,h1n1pdm,2019_W25,0.006022578,0.001173666,0.006023423,0.030834274,0.006025548,3
NA,h1n1pdm,2019_W25,3.88E-06,2.48E-41,3.87E-06,5.66E+29,3.88E-06,1
North,h1n1pdm,2019_W25,0.002727966,0.000591143,0.002728444,0.012559054,0.002729587,2
Northeast,h1n1pdm,2019_W25,0.003483926,0.000723296,0.003484489,0.016742055,0.00348586,2
Northwest,h1n1pdm,2019_W25,0.002449099,0.000446561,0.002449534,0.013397658,0.00245059,2
Southeast,h1n1pdm,2019_W25,0.002509168,0.000466735,0.002509605,0.013455575,0.002510668,2
Southwest,h1n1pdm,2019_W25,0.003689302,0.000630934,0.003689924,0.02151781,0.003691458,2
Ballard,h1n1pdm,2019_W26,0.002716496,0.000517838,0.002717434,0.014201599,0.002719517,2
Central,h1n1pdm,2019_W26,0.002906412,0.000583856,0.00290738,0.01442017,0.002909533,2
Delridge Neighborhoods,h1n1pdm,2019_W26,0.002238135,0.000342269,0.00223885,0.014584472,0.002240472,2
Downtown,h1n1pdm,2019_W26,0.003585531,0.000720636,0.003586654,0.017782826,0.003589163,2
East,h1n1pdm,2019_W26,0.002835883,0.000523189,0.002836785,0.015320833,0.002838808,2
Greater Duwamish,h1n1pdm,2019_W26,0.006263589,0.001219983,0.006265282,0.03206219,0.006269131,3
Lake Union,h1n1pdm,2019_W26,0.001678766,0.000325111,0.001679349,0.008638957,0.001680644,2
Magnolia/Queen Anne,h1n1pdm,2019_W26,0.003937159,0.000734893,0.003938351,0.02102554,0.003941036,2
NA,h1n1pdm,2019_W26,2.45E-06,7.39E-44,2.45E-06,7.56E+31,2.45E-06,1
North,h1n1pdm,2019_W26,0.001655618,0.000346258,0.001656239,0.007888573,0.001657603,2
Northeast,h1n1pdm,2019_W26,0.002179984,0.000435314,0.002180738,0.01088009,0.00218241,2
Northwest,h1n1pdm,2019_W26,0.001480418,0.000257007,0.00148094,0.008497266,0.001482106,2
Southeast,h1n1pdm,2019_W26,0.00153303,0.000271728,0.001533567,0.008618609,0.001534763,2
Southwest,h1n1pdm,2019_W26,0.002269061,0.000367852,0.002269816,0.013947497,0.002271517,2
Ballard,h1n1pdm,2019_W27,0.001665089,0.000301203,0.001666202,0.009156504,0.00166857,2
Central,h1n1pdm,2019_W27,0.001825431,0.000349221,0.001826637,0.009492601,0.001829201,2
Delridge Neighborhoods,h1n1pdm,2019_W27,0.001415201,0.000201288,0.001416023,0.009900287,0.001417798,2
Downtown,h1n1pdm,2019_W27,0.002305946,0.000441442,0.002307393,0.011985607,0.002310475,2
East,h1n1pdm,2019_W27,0.00180722,0.000315228,0.001808332,0.010309219,0.001810709,2
Greater Duwamish,h1n1pdm,2019_W27,0.004185116,0.000775685,0.004187417,0.022476988,0.004192355,2
Lake Union,h1n1pdm,2019_W27,0.001035816,0.000190244,0.001036513,0.005610011,0.001037995,2
Magnolia/Queen Anne,h1n1pdm,2019_W27,0.002550211,0.000450875,0.002551726,0.014354257,0.002554968,2
NA,h1n1pdm,2019_W27,1.54E-06,2.02E-46,1.53E-06,1.08E+34,1.54E-06,1
North,h1n1pdm,2019_W27,0.000995577,0.000198638,0.000996312,0.004962189,0.000997865,1
Northeast,h1n1pdm,2019_W27,0.001351545,0.000256646,0.001352463,0.007080043,0.00135441,2
Northwest,h1n1pdm,2019_W27,0.000886656,0.000144976,0.00088724,0.005394022,0.000888487,1
Southeast,h1n1pdm,2019_W27,0.000928035,0.000155039,0.000928645,0.005525815,0.000929948,1
Southwest,h1n1pdm,2019_W27,0.001382742,0.000210248,0.001383593,0.009047368,0.001385422,2
Ballard,h1n1pdm,2019_W28,0.001014712,0.000171825,0.001015934,0.005942928,0.00101848,2
Central,h1n1pdm,2019_W28,0.001139858,0.000204792,0.001141237,0.006292182,0.001144105,2
Delridge Neighborhoods,h1n1pdm,2019_W28,0.000889667,0.000116235,0.000890553,0.006759506,0.000892418,1
Downtown,h1n1pdm,2019_W28,0.001474422,0.000265129,0.001476127,0.008134396,0.001479677,2
East,h1n1pdm,2019_W28,0.001145014,0.000186309,0.00114628,0.006982492,0.001148924,2
Greater Duwamish,h1n1pdm,2019_W28,0.002780153,0.000483678,0.002782998,0.015864497,0.002788941,2
Lake Union,h1n1pdm,2019_W28,0.000635407,0.000109173,0.000636178,0.003667594,0.000637781,1
Magnolia/Queen Anne,h1n1pdm,2019_W28,0.001642277,0.000271333,0.001644046,0.009864748,0.001647743,2
NA,h1n1pdm,2019_W28,9.57E-07,5.15E-49,9.56E-07,1.64E+36,9.58E-07,1
North,h1n1pdm,2019_W28,0.000595205,0.000111688,0.000596006,0.003143625,0.000597667,1
Northeast,h1n1pdm,2019_W28,0.000833076,0.000148354,0.000834104,0.004638995,0.000836241,1
Northwest,h1n1pdm,2019_W28,0.000527962,8.03E-05,0.000528573,0.00344514,0.000529849,1
Southeast,h1n1pdm,2019_W28,0.000558541,8.68E-05,0.000559189,0.003565073,0.000560541,1
Southwest,h1n1pdm,2019_W28,0.000837747,0.000117969,0.000838646,0.005903422,0.000840531,1
Ballard,h1n1pdm,2019_W29,0.000616627,9.62E-05,0.000617873,0.003901422,0.00062044,1
Central,h1n1pdm,2019_W29,0.000709758,0.000117828,0.000711213,0.004220248,0.000714209,1
Delridge Neighborhoods,h1n1pdm,2019_W29,0.000557713,6.60E-05,0.000558613,0.004662031,0.000560481,1
Downtown,h1n1pdm,2019_W29,0.000940088,0.000156233,0.00094194,0.005586274,0.000945751,1
East,h1n1pdm,2019_W29,0.000723411,0.000108118,0.00072475,0.00478271,0.000727513,1
Greater Duwamish,h1n1pdm,2019_W29,0.001841637,0.000295994,0.001844871,0.011328646,0.001851538,2
Lake Union,h1n1pdm,2019_W29,0.000388684,6.15E-05,0.000389473,0.002425407,0.0003911,1
Magnolia/Queen Anne,h1n1pdm,2019_W29,0.001054608,0.000160306,0.001056523,0.006856801,0.001060474,2
NA,h1n1pdm,2019_W29,5.94E-07,1.24E-51,5.94E-07,2.61E+38,5.95E-07,1
North,h1n1pdm,2019_W29,0.00035484,6.16E-05,0.000355646,0.002015625,0.000357304,1
Northeast,h1n1pdm,2019_W29,0.000512051,8.41E-05,0.000513116,0.003075378,0.000515308,1
Northwest,h1n1pdm,2019_W29,0.000313491,4.36E-05,0.000314089,0.002224115,0.000315324,1
Southeast,h1n1pdm,2019_W29,0.000335213,4.77E-05,0.000335855,0.002325182,0.000337182,1
Southwest,h1n1pdm,2019_W29,0.000506127,6.51E-05,0.000507018,0.003892198,0.000508863,1
Ballard,h1n1pdm,2019_W30,0.000374281,5.29E-05,0.000375466,0.002598577,0.000377895,1
Central,h1n1pdm,2019_W30,0.000441433,6.65E-05,0.000442861,0.002873193,0.000445783,1
Delridge Neighborhoods,h1n1pdm,2019_W30,0.000349212,3.69E-05,0.000350076,0.003257016,0.000351855,1
Downtown,h1n1pdm,2019_W30,0.000598702,9.03E-05,0.000600568,0.003894255,0.000604388,1
East,h1n1pdm,2019_W30,0.000456515,6.16E-05,0.000457838,0.003322952,0.000460551,1
Greater Duwamish,h1n1pdm,2019_W30,0.001218526,0.000177754,0.001221935,0.008210417,0.001228914,2
Lake Union,h1n1pdm,2019_W30,0.000237485,3.40E-05,0.00023824,0.001627445,0.000239788,1
Magnolia/Queen Anne,h1n1pdm,2019_W30,0.000676442,9.30E-05,0.000678375,0.004835169,0.000682337,1
NA,h1n1pdm,2019_W30,3.69E-07,2.84E-54,3.68E-07,4.36E+40,3.69E-07,1
North,h1n1pdm,2019_W30,0.000211297,3.33E-05,0.000212051,0.001312176,0.000213596,1
Northeast,h1n1pdm,2019_W30,0.000314367,4.68E-05,0.000315394,0.00206926,0.000317498,1
Northwest,h1n1pdm,2019_W30,0.000185927,2.33E-05,0.000186477,0.001455613,0.000187607,1
Southeast,h1n1pdm,2019_W30,0.000200947,2.58E-05,0.000201545,0.001537616,0.000202773,1
Southwest,h1n1pdm,2019_W30,0.000305423,3.53E-05,0.000306255,0.002600446,0.000307965,1
Ballard,h1n1pdm,2019_W31,0.000227108,2.85E-05,0.000228167,0.001759163,0.000230332,1
Central,h1n1pdm,2019_W31,0.00027446,3.68E-05,0.000275772,0.001989128,0.000278451,1
Delridge Neighborhoods,h1n1pdm,2019_W31,0.000218589,2.02E-05,0.000219376,0.00230849,0.000220989,1
Downtown,h1n1pdm,2019_W31,0.000381165,5.12E-05,0.000382925,0.00276067,0.000386518,1
East,h1n1pdm,2019_W31,0.000287994,3.45E-05,0.000289224,0.002345885,0.000291737,1
Greater Duwamish,h1n1pdm,2019_W31,0.000805982,0.000104727,0.000809343,0.006050249,0.000816199,1
Lake Union,h1n1pdm,2019_W31,0.000145056,1.84E-05,0.000145735,0.001109956,0.000147122,1
Magnolia/Queen Anne,h1n1pdm,2019_W31,0.000433741,5.29E-05,0.000435573,0.003465074,0.000439315,1
NA,h1n1pdm,2019_W31,2.29E-07,6.27E-57,2.28E-07,7.56E+42,2.29E-07,1
North,h1n1pdm,2019_W31,0.000125781,1.77E-05,0.000126442,0.000868884,0.000127793,1
Northeast,h1n1pdm,2019_W31,0.00019294,2.56E-05,0.000193869,0.001415614,0.000195767,1
Northwest,h1n1pdm,2019_W31,0.000110235,1.22E-05,0.000110713,0.000967417,0.000111691,1
Southeast,h1n1pdm,2019_W31,0.000120421,1.37E-05,0.000120946,0.001032715,0.000122022,1
Southwest,h1n1pdm,2019_W31,0.000184248,1.88E-05,0.000184983,0.001763547,0.000186488,1
